{"lr": 0.01, "data_time": 0.0004993677139282227, "loss": 1.4998032331466675, "time": 0.065714430809021, "epoch": 1, "iter": 100, "memory": 877, "step": 100}
{"accuracy/top1": 57.64706039428711, "data_time": 0.5116038833345685, "time": 0.5587041207722255, "step": 1}
{"lr": 0.01, "data_time": 0.0004999399185180664, "loss": 1.0060554623603821, "time": 0.06603367328643799, "epoch": 2, "iter": 209, "memory": 924, "step": 209}
{"accuracy/top1": 63.05882263183594, "data_time": 0.0066666762034098305, "time": 0.04797743161519368, "step": 2}
{"lr": 0.01, "data_time": 0.0003528118133544922, "loss": 1.1185228109359742, "time": 0.066082763671875, "epoch": 3, "iter": 318, "memory": 924, "step": 318}
{"accuracy/top1": 69.64705657958984, "data_time": 0.007066758473714193, "time": 0.028513781229654946, "step": 3}
{"lr": 0.01, "data_time": 0.0002001047134399414, "loss": 0.9460076987743378, "time": 0.06610031127929687, "epoch": 4, "iter": 427, "memory": 924, "step": 427}
{"accuracy/top1": 71.29412078857422, "data_time": 0.00660093625386556, "time": 0.028200181325276692, "step": 4}
{"lr": 0.01, "data_time": 0.00017139911651611328, "loss": 0.6279603153467178, "time": 0.06749434471130371, "epoch": 5, "iter": 536, "memory": 924, "step": 536}
{"accuracy/top1": 78.82353210449219, "data_time": 0.007267093658447266, "time": 0.028614362080891926, "step": 5}
{"lr": 0.01, "data_time": 0.00020008087158203126, "loss": 0.6363207221031189, "time": 0.0671621322631836, "epoch": 6, "iter": 645, "memory": 924, "step": 645}
{"accuracy/top1": 82.5882339477539, "data_time": 0.005932331085205078, "time": 0.027998002370198567, "step": 6}
{"lr": 0.01, "data_time": 0.00040035247802734376, "loss": 0.46886557936668394, "time": 0.0663062572479248, "epoch": 7, "iter": 754, "memory": 924, "step": 754}
{"accuracy/top1": 80.23529815673828, "data_time": 0.006034978230794271, "time": 0.027662197748819988, "step": 7}
{"lr": 0.01, "data_time": 0.0006518840789794921, "loss": 0.5616492345929146, "time": 0.06740269660949708, "epoch": 8, "iter": 863, "memory": 924, "step": 863}
{"accuracy/top1": 82.82353210449219, "data_time": 0.00606692632039388, "time": 0.02839517593383789, "step": 8}
{"lr": 0.01, "data_time": 0.00030002593994140627, "loss": 0.6030096352100373, "time": 0.06670029163360595, "epoch": 9, "iter": 972, "memory": 924, "step": 972}
{"accuracy/top1": 84.23529815673828, "data_time": 0.006400585174560547, "time": 0.027914063135782877, "step": 9}
{"lr": 0.01, "data_time": 0.0003996610641479492, "loss": 0.43393705487251283, "time": 0.06916613578796386, "epoch": 10, "iter": 1081, "memory": 924, "step": 1081}
{"accuracy/top1": 84.0, "data_time": 0.006267340977986654, "time": 0.02794955571492513, "step": 10}
{"lr": 0.01, "data_time": 0.0002999305725097656, "loss": 0.5085744157433509, "time": 0.06630034446716308, "epoch": 11, "iter": 1190, "memory": 924, "step": 1190}
{"accuracy/top1": 84.0, "data_time": 0.0067335764567057295, "time": 0.028800201416015626, "step": 11}
{"lr": 0.01, "data_time": 0.0008010387420654297, "loss": 0.363481642305851, "time": 0.06920039653778076, "epoch": 12, "iter": 1299, "memory": 924, "step": 1299}
{"accuracy/top1": 85.64705657958984, "data_time": 0.006650543212890625, "time": 0.036583662033081055, "step": 12}
{"lr": 0.01, "data_time": 0.0005005121231079102, "loss": 0.45995502471923827, "time": 0.06770012378692628, "epoch": 13, "iter": 1408, "memory": 924, "step": 1408}
{"accuracy/top1": 83.76470947265625, "data_time": 0.0066002527872721355, "time": 0.043092870712280275, "step": 13}
{"lr": 0.01, "data_time": 0.00020024776458740234, "loss": 0.3249718964099884, "time": 0.06910030841827393, "epoch": 14, "iter": 1517, "memory": 924, "step": 1517}
{"accuracy/top1": 84.0, "data_time": 0.007733408610026042, "time": 0.030466763178507487, "step": 14}
{"lr": 0.01, "data_time": 0.00019693374633789062, "loss": 0.34977633208036424, "time": 0.06829924583435058, "epoch": 15, "iter": 1626, "memory": 924, "step": 1626}
{"accuracy/top1": 84.47058868408203, "data_time": 0.006333382924397787, "time": 0.02873339653015137, "step": 15}
{"lr": 0.01, "data_time": 0.0002002716064453125, "loss": 0.21148054637014865, "time": 0.06658432483673096, "epoch": 16, "iter": 1735, "memory": 924, "step": 1735}
{"accuracy/top1": 84.70587921142578, "data_time": 0.008066972096761068, "time": 0.042119868596394855, "step": 16}
{"lr": 0.01, "data_time": 0.00019998550415039061, "loss": 0.30158375650644303, "time": 0.06702587604522706, "epoch": 17, "iter": 1844, "memory": 924, "step": 1844}
{"accuracy/top1": 85.88235473632812, "data_time": 0.006466786066691081, "time": 0.03553338050842285, "step": 17}
{"lr": 0.01, "data_time": 0.0006000518798828125, "loss": 0.2486657530069351, "time": 0.06770000457763672, "epoch": 18, "iter": 1953, "memory": 924, "step": 1953}
{"accuracy/top1": 83.76470947265625, "data_time": 0.005933491388956705, "time": 0.03620014190673828, "step": 18}
{"lr": 0.01, "data_time": 0.0005998373031616211, "loss": 0.35480497032403946, "time": 0.06690030097961426, "epoch": 19, "iter": 2062, "memory": 924, "step": 2062}
{"accuracy/top1": 85.17646789550781, "data_time": 0.007877143224080403, "time": 0.03701012929280599, "step": 19}
{"lr": 0.01, "data_time": 0.00039992332458496096, "loss": 0.3268460974097252, "time": 0.06765561103820801, "epoch": 20, "iter": 2171, "memory": 924, "step": 2171}
{"accuracy/top1": 84.94117736816406, "data_time": 0.005864413579305013, "time": 0.027997795740763345, "step": 20}
{"lr": 0.01, "data_time": 0.0001562356948852539, "loss": 0.22106702476739884, "time": 0.06706876754760742, "epoch": 21, "iter": 2280, "memory": 924, "step": 2280}
{"accuracy/top1": 84.70587921142578, "data_time": 0.00713349978129069, "time": 0.029066705703735353, "step": 21}
{"lr": 0.01, "data_time": 0.000461888313293457, "loss": 0.35374138951301576, "time": 0.06726529598236083, "epoch": 22, "iter": 2389, "memory": 924, "step": 2389}
{"accuracy/top1": 84.47058868408203, "data_time": 0.006066703796386718, "time": 0.028266700108846028, "step": 22}
{"lr": 0.01, "data_time": 0.00020029544830322266, "loss": 0.23765712101012468, "time": 0.06682610511779785, "epoch": 23, "iter": 2498, "memory": 924, "step": 2498}
{"accuracy/top1": 86.11764526367188, "data_time": 0.006200234095255534, "time": 0.0280179500579834, "step": 23}
{"lr": 0.01, "data_time": 0.00030009746551513673, "loss": 0.18853641357272863, "time": 0.06687877178192139, "epoch": 24, "iter": 2607, "memory": 924, "step": 2607}
{"accuracy/top1": 87.76470947265625, "data_time": 0.006066115697224935, "time": 0.02788860003153483, "step": 24}
{"lr": 0.01, "data_time": 0.00039975643157958985, "loss": 0.2588020652532578, "time": 0.06730012893676758, "epoch": 25, "iter": 2716, "memory": 924, "step": 2716}
{"accuracy/top1": 85.64705657958984, "data_time": 0.006200027465820312, "time": 0.028133567174275717, "step": 25}
{"lr": 0.01, "data_time": 0.0007005214691162109, "loss": 0.35624843686819074, "time": 0.06770014762878418, "epoch": 26, "iter": 2825, "memory": 924, "step": 2825}
{"accuracy/top1": 83.29412078857422, "data_time": 0.007401164372762044, "time": 0.029200188318888345, "step": 26}
{"lr": 0.01, "data_time": 0.000397491455078125, "loss": 0.2276783511042595, "time": 0.06680030822753906, "epoch": 27, "iter": 2934, "memory": 924, "step": 2934}
{"accuracy/top1": 85.88235473632812, "data_time": 0.006333843866984049, "time": 0.02913355827331543, "step": 27}
{"lr": 0.01, "data_time": 0.0005002737045288086, "loss": 0.29793460816144945, "time": 0.06666114330291747, "epoch": 28, "iter": 3043, "memory": 924, "step": 3043}
{"accuracy/top1": 87.05882263183594, "data_time": 0.005999930699666341, "time": 0.02739996910095215, "step": 28}
{"lr": 0.01, "data_time": 0.0005000829696655273, "loss": 0.23988270089030267, "time": 0.06703770160675049, "epoch": 29, "iter": 3152, "memory": 924, "step": 3152}
{"accuracy/top1": 86.82353210449219, "data_time": 0.00633387565612793, "time": 0.028266779581705728, "step": 29}
{"lr": 0.01, "data_time": 9.999275207519531e-05,